"Name";"Description"
"2CUREX.ST";"2cureX"
"4C.ST";"4C Group"
"AAC.ST";"AAC Clyde Space"
"AAK.ST";"AAK"
"ABAS.ST";"ABAS Protect"
"ABB.ST";"ABB"
"ABIG.ST";"Abelco Investment"
"ABERA.ST";"Abera Bioscience"
"ABSO.ST";"Absolent Air Care"
"ABSL-B.ST";"Absolicon"
"ACAD.ST";"AcadeMedia"
"ACARIX.ST";"Acarix"
"ACAST.ST";"Acast"
"ACCON.ST";"Acconeer"
"PADEL.ST";"Acenta Group"
"ACOU.ST";"AcouSort"
"ACRI-A.ST";"Acrinova A"
"ACRI-B.ST";"Acrinova B"
"ACROUD.ST";"Acroud"
"ATIC.ST";"Actic Group"
"ACTI.ST";"Active Biotech"
"ACUC.ST";"AcuCort"
"ACUVI.ST";"Acuvi"
"ALIF-B.ST";"AddLife"
"ANOD-B.ST";"Addnode"
"ADDT-B.ST";"Addtech"
"ADDV-A.ST";"ADDvise Group A"
"ADDV-B.ST";"ADDvise Group B"
"ADTR.ST";"Adtraction"
"ADVE.ST";"Advenica"
"ADVBOX.ST";"Adventure Box"
"ADVT.ST";"Adverty"
"AERW-B.ST";"Aerowash"
"AEC.ST";"Africa Energy"
"AFRI.ST";"Africa Resources"
"AFRY.ST";"AFRY"
"AGES-B.ST";"Ages Industri"
"AGTIRA-B.ST";"Agtira"
"AIK-B.ST";"AIK Fotboll"
"AINO.ST";"Aino Health"
"AIXIA-B.ST";"Aixia"
"ALCA.ST";"Alcadon Group"
"ALFA.ST";"Alfa Laval"
"ALIG.ST";"Alimak"
"ALLEI.ST";"Alleima"
"ATORX.ST";"Alligator Bioscience"
"ALLIGO-B.ST";"Alligo"
"ALM.ST";"ALM Equity"
"ALPCOT-B.ST";"Alpcot"
"ALVO-SDB.ST";"Alvotech SDB"
"ALZCUR.ST";"AlzeCure Pharma"
"ALZ.ST";"Alzinova"
"AMBEA.ST";"Ambea"
"AMH2-B.ST";"Amhult 2"
"AMIDO.ST";"Amido"
"AMNO.ST";"Amnode"
"ANGL.ST";"Angler Gaming"
"ANNE-B.ST";"Annehem Fastigheter"
"ANNX.ST";"Annexin"
"ANOT.ST";"Anoto"
"ANTCO-B.ST";"ANTCO Investment"
"APOTEA.ST";"Apotea"
"APTA.ST";"Aptahem"
"AQ.ST";"AQ Group"
"AQUAT.ST";"Aquaticus Real Estate"
"ARBO-A.ST";"Arbona A"
"ALONNR-B.ST";"Archelon Natural"
"ARCOMA.ST";"Arcoma"
"ARCTIC.ST";"Arctic Blue Beverages"
"ARCT.ST";"Arctic Minerals"
"ARP.ST";"Arctic Paper"
"ARION-SDB.ST";"Arion Banki"
"ARISE.ST";"Arise Windpower"
"ARJO-B.ST";"Arjo"
"ARPL.ST";"Arla Plast"
"AGROUP.ST";"Arlandastad"
"ACE.ST";"Ascelia Pharma"
"ASKER.ST";"Asker Healthcare"
"ASMDEE-B.ST";"Asmodee"
"ASSA-B.ST";"Assa Abloy"
"AZN.ST";"AstraZeneca"
"ATIN.ST";"Athanase Innovation"
"ATCO-A.ST";"Atlas Copco A"
"ATCO-B.ST";"Atlas Copco B"
"ATRLJ-B.ST";"Atrium Ljungberg"
"ATANA.ST";"Attana"
"ATT.ST";"Attendo"
"ALIV-SDB.ST";"Autoliv"
"AZA.ST";"Avanza Bank"
"AVEN.ST";"Avensia"
"AVSALT.ST";"Avsalt Group"
"AVT-B.ST";"Avtech"
"AXFO.ST";"Axfood"
"AXIC-A.ST";"aXichem"
"AXOLOT.ST";"Axolot Solutions"
"B3.ST";"B3 Consulting"
"BACKA.ST";"Backaheden"
"BACTI-B.ST";"Bactiguard"
"BAHN-B.ST";"Bahnhof"
"BALCO.ST";"Balco Group"
"BUSER.ST";"Bambuser"
"BAWAT.ST";"Bawat Water"
"BEGR.ST";"BE Group"
"BEAMMW-B.ST";"BeammWave"
"BEIA-B.ST";"Beijer Alma"
"BEIJ-B.ST";"Beijer Ref"
"BEO-SDB.ST";"Beowulf Mining"
"BERG-B.ST";"Bergman & Beving"
"BERNER-B.ST";"Berner Industrier"
"BESQAB.ST";"Besqab"
"BETS-B.ST";"Betsson"
"BETCO.ST";"Better Collective"
"BEYOND.ST";"Beyond Frames"
"BHG.ST";"BHG Group"
"BIBB.ST";"BiBBInstruments"
"BICO.ST";"BICO Group"
"BILI-A.ST";"Bilia"
"BILL.ST";"Billerud"
"BIM.ST";"BIMobject"
"BINERO.ST";"Binero Group"
"BIOA-B.ST";"BioArctic"
"BIOEX.ST";"Bioextrax"
"BIOF.ST";"Biofrigas"
"BIOG-B.ST";"BioGaia"
"BINV.ST";"Bioinvent"
"BIOSGN.ST";"Biosergen"
"BIOT.ST";"Biotage"
"BIOVIC-B.ST";"Biovica"
"BIOWKS.ST";"Bio-Works"
"BORG.ST";"Björn Borg"
"BLICK.ST";"Blick Global"
"BODY.ST";"Bodyflight"
"BOHO.ST";"Boho Group"
"BOKUS.ST";"Bokusgruppen"
"BOL.ST";"Boliden"
"BOMILL.ST";"BoMill"
"BONAV-A.ST";"Bonava A"
"BONAV-B.ST";"Bonava B"
"BONEX.ST";"Bonesupport"
"BONG.ST";"Bong Ljungdahl"
"BONAS.ST";"Bonäsudden"
"BOOZT.ST";"Boozt"
"BOTX.ST";"Botnia Exploration"
"BOUL.ST";"Boule Diagnostics"
"BPCINS.ST";"BPC Instruments"
"BRAIN.ST";"BrainCool"
"BRANDB.ST";"BrandBee"
"BRAV.ST";"Bravida"
"BRE2.ST";"Bredband2"
"BRIGHT.ST";"BrightBid"
"BRILL.ST";"Brilliant Future"
"BRIN-B.ST";"Brinova Fastigheter"
"BRIX.ST";"Briox"
"BMC.ST";"Brock Milton Capital"
"BTS-B.ST";"BTS Group"
"BBROOM.ST";"Bubbleroom"
"BUFAB.ST";"Bufab"
"BULTEN.ST";"Bulten"
"BURE.ST";"Bure Equity"
"BMAX.ST";"Byggmax"
"AJA-B.ST";"Byggmästare AJ Ahlström"
"BYGGP.ST";"Byggpartner"
"CAG.ST";"CAG Group"
"CAMX.ST";"Camurus"
"CANDLE-B.ST";"Candles Scandinavia"
"CANTA.ST";"Cantargia"
"CARA.ST";"Carasent"
"CRBX.ST";"Carbiotix"
"CARDEO.ST";"Cardeon"
"CARE.ST";"Careium"
"CASE.ST";"Case Group"
"CAST.ST";"Castellum"
"CAT-A.ST";"Catella A"
"CAT-B.ST";"Catella B"
"CATE.ST";"Catena"
"CTM.ST";"Catena Media"
"CCC.ST";"Cavotec"
"CDON.ST";"CDON"
"CEDER.ST";"Cedergrenska"
"CI.ST";"Cell Impact"
"CEVI.ST";"CellaVision"
"CRNO-B.ST";"Cereno Scientific"
"CHARGE.ST";"ChargePanel"
"CHECK.ST";"checkin.com"
"CHEF.ST";"Cheffelo"
"CMOTEC-B.ST";"ChemoTech"
"CMH.ST";"Chordate Medical"
"CHOSA.ST";"CHOSA Oncology"
"CIBUS.ST";"Cibus Nordic"
"CINPHA.ST";"Cinclus Pharma"
"CINIS.ST";"Cinis Fertilizer"
"CINT.ST";"Cint Group"
"CIRCHE.ST";"CirChem"
"CIRCLE-B.ST";"Circle Energy"
"CLAS-B.ST";"Clas Ohlson"
"CLAV.ST";"Clavister"
"CLEMO.ST";"Clean Motion"
"CLEM.ST";"Clemondo"
"CLIME-B.ST";"Climeon"
"CLS-B.ST";"Clinical Laserthermia"
"CLA-B.ST";"Cloetta"
"CDMIL.ST";"CodeMill"
"COEGIN.ST";"Coegin Pharma"
"CS.ST";"CoinShares"
"CX.ST";"CombinedX"
"COMINT.ST";"Comintelli"
"COMPDM.ST";"Compodium"
"CNCJO-B.ST";"Concejo B"
"CONDO.ST";"Condo Nordic"
"CAM-B.ST";"Consensus"
"COOR.ST";"Coor Service Management"
"CORE-A.ST";"Corem Property A"
"CORE-B.ST";"Corem Property B"
"CORE-D.ST";"Corem Property D"
"CLBIO.ST";"Corline Biomedical"
"CRAD-B.ST";"C-RAD"
"CRED-A.ST";"Creades"
"CRET.ST";"Creturner"
"CRWN.ST";"Crown Energy"
"CFISH.ST";"Crunchfish"
"CTEK.ST";"CTEK"
"CTT.ST";"CTT Systems"
"CYB1.ST";"Cyber Security 1"
"CYCLE.ST";"Cyclezyme"
"DE.ST";"Dala Energi"
"DEDI.ST";"Dedicare"
"DSNO.ST";"Desenio"
"DEVP-B.ST";"DevPort"
"DVYSR.ST";"Devyser Diagnostics"
"DEX.ST";"DexTech Medical"
"DIAH.ST";"Diadrom"
"DIABIO.ST";"Diagonal Bio"
"DMYD-B.ST";"Diamyd Medical"
"DICOT.ST";"Dicot Pharma"
"DIST.ST";"DistIT"
"DMXSE-SDB.ST";"District Metals"
"DIV-B.ST";"Dividend Sweden"
"DIVIO-B.ST";"Divio Technologies"
"DIOS.ST";"Diös Fastigheter"
"DLAB.ST";"Dlaboratory"
"DOM.ST";"Dometic"
"DONE.ST";"Done.ai"
"DORO.ST";"Doro"
"DBP-B.ST";"Double Bond Pharma"
"DOXA.ST";"Doxa"
"DRIL.ST";"Drillcon"
"DUG.ST";"Dug Foodtech"
"DUNI.ST";"Duni"
"DURC-B.ST";"Duroc"
"DUST.ST";"Dustin Group"
"DYVOX.ST";"Dynavox Group"
"EAST.ST";"Eastnine"
"EASY-B.ST";"EasyFill"
"EATG.ST";"EatGood"
"ECC-B.ST";"Ecoclime"
"ECO-B.ST";"EcoRub"
"EDYOU.ST";"Edyoutec"
"ALBERT.ST";"eEducation Albert"
"EEVIA.ST";"Eevia Health"
"EFFH.ST";"Effnetplattformen"
"EGTX.ST";"Egetis Therapeutics"
"ELAN-B.ST";"Elanders"
"ELUX-A.ST";"Electrolux A"
"ELUX-B.ST";"Electrolux B"
"EPRO-B.ST";"Electrolux Professional B"
"EKTA-B.ST";"Elekta"
"ELIC.ST";"Elicera Therapeutics"
"ELN.ST";"Ellen"
"ELLWEE.ST";"ELLWEE"
"ELON.ST";"Elon"
"ELTEL.ST";"Eltel"
"EMB.ST";"EMB Mission Bound"
"EMART.ST";"EmbeddedArt"
"EMBELL.ST";"Embellence"
"EMBRAC-B.ST";"Embracer"
"EG7.ST";"Enad Global 7"
"ENEA.ST";"Enea"
"ESGR-B.ST";"Energy Save"
"ENERS.ST";"Enersize"
"ENGCON-B.ST";"Engcon"
"ENRO.ST";"Eniro"
"ENITY.ST";"Enity"
"ERMA.ST";"Enorama Pharma"
"ENRAD.ST";"Enrad"
"ENVAR.ST";"Envar"
"ENVI-B.ST";"Envirologic"
"ENZY.ST";"Enzymatica"
"EOLU-B.ST";"Eolus"
"EPEN.ST";"Ependion"
"EPI-A.ST";"Epiroc A"
"EPI-B.ST";"Epiroc B"
"EPIS-B.ST";"Episurf Medical"
"EQL.ST";"EQL Pharma"
"EQT.ST";"EQT"
"ERIC-A.ST";"Ericsson A"
"ERIC-B.ST";"Ericsson B"
"ESSITY-A.ST";"Essity A"
"ESSITY-B.ST";"Essity B"
"BAT.ST";"Eurobattery Minerals"
"EVERY.ST";"Everysport"
"EVOL.ST";"Evolear"
"EVO.ST";"Evolution"
"EWRK.ST";"eWork"
"EXALT.ST";"Exalt"
"EXPRS2.ST";"ExpreS2ion Biotech"
"EXS.ST";"Exsitec"
"FABG.ST";"Fabege"
"FABLE.ST";"Fable Media"
"FAG.ST";"Fagerhult"
"FG.ST";"Fasadgruppen"
"BALD-B.ST";"Fast Balder"
"FASTAT.ST";"Fastator"
"EMIL-B.ST";"Fastighetsbolaget Emilshus"
"FPAR-A.ST";"Fastpartner A"
"FPAR-D.ST";"Fastpartner D"
"FOI-B.ST";"Fenix Outdoor"
"FERRO.ST";"Ferroamp"
"FNM.ST";"Ferronordic"
"FINE.ST";"Finepart"
"FING-B.ST";"Fingerprint Cards"
"FIRE.ST";"Firefly"
"FNMC-SDB.ST";"First Nordic Metals"
"FIRST-B.ST";"First Venture"
"FLAT-B.ST";"Flat Capital"
"FLMNG.ST";"Fleming Properties"
"FLERIE.ST";"Flerie"
"FLEXM.ST";"Flexion Mobile"
"FLEXQ.ST";"Flexqube"
"FLOWS.ST";"Flowscape"
"FLUI.ST";"Fluicell"
"FLUO.ST";"FluoGuide"
"FMM-B.ST";"FM Mattsson"
"FPIP.ST";"Formpipe Software"
"FNOVA-B.ST";"Fortinova"
"FNOX.ST";"Fortnox"
"FRACTL.ST";"Fractal Gaming"
"FRAG.ST";"Fragbite"
"FRAM-B.ST";"Fram Skandinavien"
"F2M.ST";"Free2Move"
"FREEM.ST";"Freemelt"
"FREJA.ST";"Freja eID"
"FRILAN.ST";"Frilans"
"FRNT-B.ST";"Front Ventures"
"FSPORT.ST";"FSport"
"FXI.ST";"FX International"
"G5EN.ST";"G5 Entertainment"
"GABA.ST";"Gabather"
"GCOR.ST";"Gaming Corps"
"GAPW-B.ST";"Gapwaves"
"GARO.ST";"Garo"
"GARPCO-B.ST";"Garpco"
"GPX.ST";"Gasporox"
"GENI.ST";"Generic Sweden"
"GPG.ST";"Genova Property"
"GENO.ST";"Genovis"
"G2M.ST";"Gentoo Media"
"GETI-B.ST";"Getinge"
"GIG-SDB.ST";"GiG Software"
"GIGA.ST";"Gigasun"
"GTG.ST";"Gold Town Games"
"GOMERO.ST";"Gomero Group"
"GOMX.ST";"GomSpace"
"BTCX.ST";"Goobit Group"
"GBK.ST";"Goodbye Kansas"
"GOSOL.ST";"Gosol Energy"
"GOTL-A.ST";"Gotlandsbolaget A"
"GOTL-B.ST";"Gotlandsbolaget B"
"GRANGX.ST";"Grangex"
"GREAT.ST";"Greater Than"
"GREEN.ST";"Green Landscaping"
"VISC.ST";"Gruvaktiebolaget Viscaria"
"GRNG.ST";"Gränges"
"GUARD.ST";"Guard Therapeutics"
"GGEO.ST";"Guideline Geo"
"GJAB.ST";"Gullberg & Jansson"
"HDW-B.ST";"H&D Wireless"
"HACK.ST";"Hacksaw"
"HAKI-A.ST";"HAKI Safety A"
"HAKI-B.ST";"HAKI Safety B"
"HAMLET-B.ST";"Hamlet BioPharma"
"SHB-A.ST";"Handelsbanken A"
"SHB-B.ST";"Handelsbanken B"
"HNSA.ST";"Hansa Biopharma"
"HANZA.ST";"Hanza"
"HAV-B.ST";"Havsfrun Investment"
"HAYPP.ST";"Haypp Group"
"HEBA-B.ST";"Heba"
"HEGR.ST";"Hedera"
"HELIO.ST";"Heliospectra"
"HEM.ST";"Hemnet"
"HMPLY.ST";"Hemply Balance"
"HM-B.ST";"Hennes & Mauritz"
"HERNO-B.ST";"Hernö Gin"
"HEXA-B.ST";"Hexagon"
"HTRO.ST";"Hexatronic"
"HEXI.ST";"Hexicon"
"HPOL-B.ST";"Hexpol"
"HIFA-B.ST";"Hifab"
"HIGHCO-B.ST";"High Coast Distillery"
"HILB-B.ST";"Hilbert Group"
"HMS.ST";"HMS Networks"
"HOI-B.ST";"Hoi Publishing"
"HOFI.ST";"Hoist Finance"
"HOLM-A.ST";"Holmen A"
"HOLM-B.ST";"Holmen B"
"HOME-B.ST";"HomeMaid"
"HOODIN.ST";"Hoodin"
"HOTEL.ST";"Hotel Fast"
"HUBS.ST";"Hubbster"
"HUBSO.ST";"Hubso Group"
"HUFV-A.ST";"Hufvudstaden A"
"HUM.ST";"Humana"
"HUMBLE.ST";"Humble Group"
"HUNTER.ST";"Hunter Capital"
"HUSQ-A.ST";"Husqvarna A"
"HUSQ-B.ST";"Husqvarna B"
"HYCO.ST";"Hybricon"
"LOVE-B.ST";"I Love Lund"
"IAR-B.ST";"I.A.R Systems"
"ICO.ST";"Iconovo"
"IDLDX.ST";"IDL Diagnostics"
"IDUN-B.ST";"Idun Industrier"
"ABI.ST";"Igrene"
"IS.ST";"Image Systems"
"IMMNOV.ST";"Immunovia"
"IMPC.ST";"Impact Coatings"
"IMP-A-SDB.ST";"Implantica"
"INCOAX.ST";"InCoax Networks"
"INDU-A.ST";"Industrivärden A"
"INDU-C.ST";"Industrivärden C"
"INDT.ST";"Indutrade"
"IBT-B.ST";"Infant Bacterial"
"INFRA.ST";"Infracom"
"INFREA.ST";"Infrea"
"ISAB.ST";"Inhalation Sciences"
"INISS-B.ST";"Inission"
"INIT.ST";"Initiator Pharma"
"INSP.ST";"Insplorion"
"INSTAL.ST";"Instalco"
"INTEA-B.ST";"Intea Fastigheter B"
"INTEA-D.ST";"Intea Fastigheter D"
"INTEG-B.ST";"Integrum"
"INT.ST";"Intellego Technologies"
"IPCO.ST";"International Petroleum"
"IVACC.ST";"Intervacc"
"INTRUM.ST";"Intrum"
"IMS.ST";"Invent Medic"
"INVE-A.ST";"Investor A"
"INVE-B.ST";"Investor B"
"INWI.ST";"Inwido"
"IVSO.ST";"Invisio"
"IRIS.ST";"Irisity"
"IRLAB-A.ST";"IRLAB Therapeutics"
"ISOFOL.ST";"Isofol Medical"
"ITAB.ST";"ITAB Shop Concept"
"ITECH.ST";"I-Tech"
"IZAFE-B.ST";"iZafe"
"JLT.ST";"JLT Mobile"
"JM.ST";"JM"
"JOMA.ST";"John Mattson"
"JDT.ST";"JonDeTech Sensors"
"GATE.ST";"Jumpgate"
"K2A-B.ST";"K2A"
"K33.ST";"K33"
"KABE-B.ST";"Kabe"
"KAKEL.ST";"Kakel Max"
"KAPIAB.ST";"Kallebäck Property"
"KAMBI.ST";"Kambi"
"KAN.ST";"Kancera"
"KARNEL-B.ST";"Karnell Group"
"KAR.ST";"Karnov"
"KDEV.ST";"Karolinska Development"
"KAV.ST";"Katalysen Ventures"
"KBC.ST";"KB Components"
"KEBNI-B.ST";"KebNi"
"KENH.ST";"Kentima"
"KFAST-B.ST";"K-Fast Holding"
"KILI.ST";"Kiliaro"
"BRAVE.ST";"Kinda Brave"
"KINV-A.ST";"Kinnevik A"
"KINV-B.ST";"Kinnevik B"
"KJELL.ST";"Kjell Group"
"KLARA-B.ST";"KlaraBo"
"KLAR.ST";"Klaria Pharma"
"KLIMAT.ST";"Klimator"
"KNOW.ST";"KnowIT"
"KONT.ST";"Kontigo Care"
"KOBR-B.ST";"Kopparbergs"
"KRONA.ST";"Krona Public Real Estate"
"LAGR-B.ST";"Lagercrantz"
"LAMM-B.ST";"Lammhults Design"
"LGOLD-B.ST";"Lappland Guldprospektering"
"LATO-B.ST";"Latour"
"LATF-B.ST";"Latvian Forest"
"LEA.ST";"Lea Bank"
"LEMSE.ST";"Leading Edge Materials"
"LEVBIO.ST";"Level Bio"
"LIDDS.ST";"LIDDS"
"LIFCO-B.ST";"Lifco"
"LCLEAN.ST";"Lifeclean"
"LAIR.ST";"LightAir"
"LIGR.ST";"Lightning Group"
"LIME.ST";"Lime Technologies"
"LINC.ST";"Linc"
"LIAB.ST";"Lindab"
"LINKAB.ST";"Link Prop"
"LPGO.ST";"Lipigon Pharmaceuticals"
"LIPUM.ST";"Lipum"
"LITI.ST";"Litium"
"LOGI-A.ST";"Logistea A"
"LOGI-B.ST";"Logistea B"
"LOGIST-B.ST";"Logistri"
"LOHILO.ST";"Lohilo Foods"
"LOOMIS.ST";"Loomis"
"LOVI.ST";"Lovisagruvan"
"LOYAL.ST";"Loyal Solutions"
"LUC.ST";"Lucara Diamond"
"LUMEN.ST";"LumenRadio"
"LUND-B.ST";"Lundbergföretagen"
"LUG.ST";"Lundin Gold"
"LUMI.ST";"Lundin Mining"
"LXB.ST";"Luxbright"
"LYGRD.ST";"Lyckegård"
"LYKO-A.ST";"Lyko"
"MAGI.ST";"MAG Interactive"
"MAGLE.ST";"Magle Chemoswed"
"MAGNA.ST";"Magnasense"
"MAHA-A.ST";"Maha Energy"
"MAHVIE.ST";"Mahvie Minerals"
"MEAB-B.ST";"Malmbergs Elektriska"
"MANG.ST";"Mangold"
"MANTEX.ST";"Mantex"
"MASHUP.ST";"Mashup Ireland"
"MAVEN.ST";"Maven Wireless"
"MAV.ST";"Mavshack"
"MAXENT-B.ST";"Maximum Entertainment"
"MCAP.ST";"MedCap"
"MCLR.ST";"Medclair"
"MEDHLP.ST";"Medhelp Care"
"MEGR.ST";"Mediacle"
"MCOV-B.ST";"Medicover"
"MVIR.ST";"Medivir"
"MEKO.ST";"MEKO"
"IMMU.ST";"Mendus"
"MNTC.ST";"Mentice"
"MER.ST";"Meren Energy"
"META.ST";"Metacon"
"MSAB-B.ST";"Micro Systemation"
"MPOS.ST";"Micropos Medical"
"MSON-A.ST";"Midsona A"
"MSON-B.ST";"Midsona B"
"MIDS.ST";"Midsummer"
"MILDEF.ST";"Mildef Group"
"MNDRK.ST";"MindArk"
"MINEST.ST";"Minesto"
"MIPS.ST";"Mips"
"MIR.ST";"Miris"
"MOBA.ST";"MOBA Network"
"MOB.ST";"Moberg Pharma"
"MODEL.ST";"Modelon"
"MTG-A.ST";"Modern Times Group A"
"MTG-B.ST";"Modern Times Group B"
"MODTX.ST";"Modus Therapeutics"
"MOFAST.ST";"Mofast"
"MOMENT.ST";"Moment Group"
"MMGR-B.ST";"Momentum Group"
"MONI.ST";"Monivent"
"MODI.ST";"Motion Display"
"MBBAB.ST";"MoveByBike"
"MRSELL.ST";"mResell"
"MTI.ST";"MTI Investment"
"MTRS.ST";"Munters"
"MYBEAT.ST";"My Beat"
"MYCR.ST";"Mycronic"
"SAFETY-B.ST";"mySafety"
"NANEXA.ST";"Nanexa"
"NANOC-B.ST";"NanoCap"
"NANECH.ST";"NanoEcho"
"NANOFS.ST";"Nanoform"
"NICA.ST";"Nanologica"
"NATTA.ST";"Nattaro Labs"
"NAVIGO-STAM.ST";"Navigo Invest"
"NAXS.ST";"NAXS"
"NCAB.ST";"NCAB Group"
"NCC-A.ST";"NCC A"
"NCC-B.ST";"NCC B"
"NMAN.ST";"Nederman"
"NELLY.ST";"Nelly Group"
"NEOBO.ST";"Neobo Fastigheter"
"NEOLA.ST";"Neola Medical"
"NEO-B.ST";"Neovici Holding B"
"NEPA.ST";"Nepa"
"NETI-B.ST";"Net Insight"
"NETEL.ST";"Netel Holding"
"NJOB.ST";"NetJobs"
"NNH.ST";"New Nordic Healthbrands"
"NEWA-B.ST";"New Wave"
"NEWBRY.ST";"Newbury Pharmaceuticals"
"NEXAM.ST";"Nexam Chemical"
"NXAR.ST";"Nexar Group"
"NXTCL.ST";"NextCell Pharma"
"NFO.ST";"NFO Drives"
"NGS.ST";"NGS Group"
"NIBE-B.ST";"NIBE Industrier"
"NICO.ST";"Nicoccino"
"NIDHOG.ST";"Nidhogg Resources"
"NILS.ST";"Nilsson Special Vehicles"
"NIL-B.ST";"Nilörngruppen"
"BOAT.ST";"Nimbus"
"NITRO.ST";"Nitro Games"
"NIUTEC.ST";"Niutech Group"
"NIVI-B.ST";"Nivika Fastigheter"
"NOBI.ST";"Nobia"
"NOKIA-SEK.ST";"Nokia"
"NOLA-B.ST";"Nolato"
"NORDIG.ST";"Nord Insuretech"
"NDA-SE.ST";"Nordea Bank"
"NAIG-B.ST";"Nordic Asia"
"NFGAB.ST";"Nordic Flanges"
"NIO.ST";"Nordic Iron Ore"
"LEVEL.ST";"Nordic LEVEL"
"NPAPER.ST";"Nordic Paper"
"NORB-B.ST";"Nordisk Bergteknik"
"NOTEK.ST";"Norditek"
"SAVE.ST";"Nordnet"
"NREST.ST";"Nordrest"
"NORION.ST";"Norion Bank"
"NBZ.ST";"Northbaze"
"CAPS.ST";"Northern CapSek"
"NOSA.ST";"Nosa Plugs"
"NOSIUM-B.ST";"Nosium"
"NOTE.ST";"NOTE"
"NOWO.ST";"Nowonomics"
"NTEK-B.ST";"Novotek"
"NOVU.ST";"Novus"
"NP3.ST";"NP3 Fastigheter"
"NYAB.ST";"NYAB"
"NYF.ST";"Nyfosa"
"OBDU-B.ST";"Obducat"
"OBSE.ST";"Observit"
"ODI.ST";"ODI Pharma"
"ODIN.ST";"Odinwell"
"OEM-B.ST";"OEM International"
"OGUN-B.ST";"Ogunsen"
"ONCO.ST";"Oncopeptides"
"ONCOZ.ST";"OncoZenge"
"ONEF.ST";"Oneflow"
"OBAB.ST";"Online Brands Nordic"
"OODA.ST";"oodash Group"
"OPSYH.ST";"Opsy Holding"
"OPTER.ST";"Opter"
"OPTI.ST";"OptiCept Technologies"
"ORX.ST";"Orexo"
"ORGC.ST";"OrganoClick"
"ORRON.ST";"Orrön Energy"
"ORTI-A.ST";"Ortivus A"
"ORTI-B.ST";"Ortivus B"
"ORT-B.ST";"Ortoma"
"OSSD.ST";"OssDsign"
"OURLIV.ST";"OurLiving"
"OVZON.ST";"Ovzon"
"OXE.ST";"OXE Marine"
"PNDX-B.ST";"Pandox"
"PDX.ST";"Paradox Interactive"
"PAX.ST";"Paxman"
"PEAB-B.ST";"Peab"
"PMED.ST";"Peptonic Medical"
"PERP-B.ST";"Perpetua Medical"
"PEXA-B.ST";"PExA"
"PHAL.ST";"PharmaLundensis"
"PHI.ST";"Phase Holographic"
"PCAT.ST";"Photocat"
"PTRK.ST";"Physitrack"
"PIERCE.ST";"Pierce Group"
"PILA.ST";"Pila Pharma"
"PION-B.ST";"PION Group"
"PIXEL.ST";"PixelFox"
"PLAZ-B.ST";"Platzer Fastigheter"
"PLEJD.ST";"Plejd"
"POLAR.ST";"PolarCool"
"POLYG.ST";"Polygiene"
"POLYMER.ST";"Polymer Factory"
"PCELL.ST";"PowerCell"
"PREBON.ST";"Prebona"
"PRCO-B.ST";"Precio Fishbone"
"PREC.ST";"Precise Biometrics"
"PCOM-B.ST";"Precomp Solutions"
"SNX.ST";"Premium Snacks"
"PHYR-B.ST";"Preservia Hyresfastigheter"
"PRESRV.ST";"Preservium Property"
"PREV-B.ST";"Prevas"
"PRIC-B.ST";"Pricer"
"PRISMA.ST";"Prisma Properties"
"PACT.ST";"Proact IT"
"PROF-B.ST";"ProfilGruppen"
"PRFO.ST";"Profoto"
"PENG-B.ST";"Projektengagemang"
"PRLD.ST";"Prolight Diagnostics"
"PRO.ST";"Promimic"
"PLUN.ST";"ProstaLund"
"PROGEN.ST";"Prostatype Genomics"
"PROVIT.ST";"Provide IT"
"QBNK.ST";"QBank"
"QBEN.ST";"Qben Infra"
"QBRICK.ST";"Qbrick"
"QIIWI.ST";"Qiiwi Games"
"QAIR.ST";"QleanAir"
"QLIFE.ST";"QLife"
"QLINEA.ST";"Q-Linea"
"QLIRO.ST";"Qliro"
"QLOSR-B.ST";"Qlosr Group"
"QCORE.ST";"Qlucore"
"QSYS.ST";"Qualisys"
"QUIA.ST";"QuiaPEG Pharmaceuticals"
"RAIL.ST";"Railcare"
"RMDX.ST";"Railway Metrics & Dynamics"
"RAKE.ST";"Raketech"
"RAMSH.ST";"Ramlösa Shipping"
"RLOS-B.ST";"RanLOS"
"RPLAN.ST";"Ranplan"
"RATO-A.ST";"Ratos A"
"RATO-B.ST";"Ratos B"
"RAY-B.ST";"RaySearch Laboratories"
"RAYTL.ST";"Raytelligence"
"REAL.ST";"Real Fastigheter"
"REALFI.ST";"Realfiction"
"RECY-B.ST";"Recyctec"
"REDS.ST";"Redsense Medical"
"REFINE.ST";"Refine Group"
"REJL-B.ST";"Rejlers"
"RLVNC.ST";"Relevance Communication"
"RVN.ST";"Renewable Ventures"
"RENT.ST";"Rentunder"
"RESP.ST";"Respiratorius"
"RESURS.ST";"Resurs Holding"
"RVRC.ST";"Revolutionrace"
"RIGHTB.ST";"RightBridge Ventures"
"RO.ST";"Rolling Optics"
"RROS.ST";"Rottneros"
"RUG.ST";"RugVista"
"RUSTA.ST";"Rusta"
"ROKO-B.ST";"Röko"
"S2M.ST";"S2Medical"
"SAAB-B.ST";"Saab"
"SAFE.ST";"Safe at Sea"
"SLG-B.ST";"Safe Lane Gaming"
"SFL.ST";"Safello Group"
"SFTR.ST";"Safeture"
"SAGA-A.ST";"Sagax A"
"SAGA-B.ST";"Sagax B"
"SAGA-D.ST";"Sagax D"
"SALT-B.ST";"SaltX Technology"
"SBB-B.ST";"Samhällsbyggnadsbolag B"
"SBB-D.ST";"Samhällsbyggnadsbolag D"
"SAMPO-SDB.ST";"Sampo"
"SAMT-B.ST";"Samtrygg"
"SAND.ST";"Sandvik"
"SANION.ST";"Saniona"
"SARS.ST";"SARSYS"
"YIELD.ST";"SaveLend"
"SAXG.ST";"Saxlund"
"SCA-A.ST";"SCA A"
"SCA-B.ST";"SCA B"
"SBOK.ST";"ScandBook"
"SCST.ST";"Scandi Standard"
"SHOT.ST";"Scandic Hotels"
"SDOS.ST";"ScandiDos"
"ASTOR.ST";"Scandinavian Astor"
"SES.ST";"Scandinavian Enviro"
"HEART.ST";"Scandinavian Real Heart"
"SCIB.ST";"Scibase"
"SCOUT.ST";"Scout Gaming"
"SDIP-B.ST";"Sdiptech"
"SEAF.ST";"Seafire"
"SDS.ST";"Seamless Distribution Systems"
"STW.ST";"SeaTwirl"
"SEB-A.ST";"SEB A"
"SEB-C.ST";"SEB C"
"SECT-B.ST";"Sectra"
"SECU-B.ST";"Securitas"
"SEDANA.ST";"Sedana Medical"
"SDET.ST";"SensoDetect"
"SGG.ST";"Sensys Gatso"
"SENZA.ST";"SenzaGen"
"SEZI.ST";"Senzime"
"SERT.ST";"Serstech"
"SNM.ST";"ShaMaran"
"SHT-B.ST";"SHT Smart High-Tech"
"SIBEK.ST";"Sibek"
"SILEON.ST";"Sileon"
"SIMRIS-B.ST";"Simris Alg"
"SINCH.ST";"Sinch"
"SINT.ST";"SinterCast"
"SIVE.ST";"Sivers Semiconductors"
"SCC-B.ST";"Sjöstrand Coffee"
"SKA-B.ST";"Skanska"
"SKF-A.ST";"SKF A"
"SKF-B.ST";"SKF B"
"SKIS-B.ST";"SkiStar"
"SKOLON.ST";"Skolon"
"SKMO.ST";"Skåne-möllan"
"SLEEP.ST";"Sleep Cycle"
"SLOTT-B.ST";"Slottsviken B"
"SEYE.ST";"Smart Eye"
"SMOL.ST";"Smoltek"
"SOCIAL.ST";"Sociallite US"
"SOF-B.ST";"Softronic"
"SFAB.ST";"Solid Försäkring"
"SOLIDX.ST";"SolidX"
"SOLNA.ST";"Solnaberg"
"SOLT.ST";"SolTech Energy"
"SONE.ST";"Sonetel"
"SOSI.ST";"Sotkamo Silver"
"SOUND.ST";"Sound Dimension"
"SOZAP.ST";"Sozap"
"SPAGO.ST";"Spago Nanomedical"
"SPEC.ST";"SpectraCure"
"SPEONE.ST";"SpectrumOne"
"SPERM.ST";"Spermosens"
"SPIFF.ST";"Spiffbet"
"SPLTN.ST";"Spiltan Invest"
"SPGR.ST";"Spotlight Group"
"SPOTR.ST";"Spotr Group"
"SPRINT.ST";"Sprint Bioscience"
"SSAB-A.ST";"SSAB A"
"SSAB-B.ST";"SSAB B"
"STVA-B.ST";"Star Vault"
"STAR-A.ST";"Starbreeze A"
"STAR-B.ST";"Starbreeze B"
"STABL.ST";"Stayble Therapeutics"
"STEF-B.ST";"Stendörren Fastigheter"
"SFAST.ST";"Stenhus Fastigheter"
"STIL.ST";"Stille"
"SF.ST";"Stillfront"
"STWK.ST";"Stockwik Förvaltning"
"SBG.ST";"StoneBeach"
"STE-A.ST";"Stora Enso A"
"STE-R.ST";"Stora Enso R"
"STOR-B.ST";"Storskogen"
"STORY-B.ST";"Storytel"
"STUDBO.ST";"Studentbostäder"
"SVIK.ST";"Studsvik"
"SUMMAS.ST";"Summa Defence"
"STRD-B.ST";"Suntrade"
"SUS.ST";"Surgical Science"
"SENS.ST";"Sustainable Energy"
"SUSG.ST";"Sustainion"
"SVEAF.ST";"Sveafastigheter"
"SWEC-A.ST";"Sweco A"
"SWEC-B.ST";"Sweco B"
"SWED-A.ST";"Swedbank"
"SVED-B.ST";"Svedbergs"
"BUY.ST";"Sweden BuyersClub"
"SECARE.ST";"Swedencare"
"SLP-B.ST";"Swedish Logistic Property"
"SOBI.ST";"Swedish Orphan Biovitrum"
"AERO.ST";"Svenska Aerogel"
"SVOL-A.ST";"Svolder A"
"SVOL-B.ST";"Svolder B"
"SYNACT.ST";"SynAct Pharma"
"SYNC-B.ST";"Syncro"
"SYNSAM.ST";"Synsam"
"SYNT.ST";"SyntheticMR"
"SYSR.ST";"Systemair"
"SODER.ST";"Söder Sportfiske"
"TAGM-B.ST";"TagMaster"
"TALK.ST";"Talkpool"
"TANGI.ST";"Tangiamo Touch"
"TCC-A.ST";"TCECUR"
"TEL2-A.ST";"Tele2 A"
"TEL2-B.ST";"Tele2 B"
"TELIA.ST";"Telia Company"
"TELLUS.ST";"Tellusgruppen"
"TSEC.ST";"Tempest Security"
"TENEO.ST";"Teneo AI"
"TEQ.ST";"Teqnion"
"TERRNT-B.ST";"TerraNet"
"TESSIN.ST";"Tessin Nordic"
"TFBANK.ST";"TF Bank"
"THINC.ST";"Thinc"
"THULE.ST";"Thule"
"THUNDR.ST";"Thunderful"
"TIETOS.ST";"TietoEVRY"
"TPGR.ST";"Time People Group"
"TINGS-A.ST";"Tingsvalvet A"
"TINGS-B.ST";"Tingsvalvet B"
"TITA-B.ST";"Titania"
"TOBII.ST";"Tobii"
"TOL.ST";"Toleranzia"
"TOPR.ST";"TopRight Nordic"
"TOUCH.ST";"Touchtech"
"TOURN.ST";"Tourn"
"TRAC-B.ST";"Traction"
"TRAD.ST";"TradeDoubler"
"TRAIN-B.ST";"Train Alliance"
"TRML.ST";"Trainimal"
"TRNSF.ST";"Transfer Group"
"TRAN-A.ST";"Transferator A"
"TRAN-B.ST";"Transferator B"
"TIRO.ST";"Transiro"
"TRANS.ST";"Transtema"
"8TRA.ST";"Traton"
"TREL-B.ST";"Trelleborg"
"TRIAN-B.ST";"Trianon"
"TRIBO-B.ST";"Tribox Group"
"TRIONA.ST";"Triona"
"TROAX.ST";"Troax Group"
"TRUE-B.ST";"Truecaller"
"TURA.ST";"Tura Group"
"UMIDA-B.ST";"Umida"
"UNIBAP.ST";"Unibap Space Solutions"
"UTG.ST";"Unlimited Travel Group"
"UPGRAD.ST";"Upgrade Invest Nordic"
"UPSALE.ST";"Upsales"
"USWE.ST";"USWE Sports"
"W5.ST";"W5 Solutions"
"WTW-A.ST";"Wall to Wall"
"WALL-B.ST";"Wallenstam"
"VAXXA.ST";"Vaxxa"
"WAYS.ST";"Waystream"
"VBG-B.ST";"VBG Group"
"WRV.ST";"Webrock Ventures"
"VEFAB.ST";"VEF"
"VERT-B.ST";"Vertiseit"
"VER.ST";"Verve Group"
"WPAY.ST";"Westpay"
"VESTUM.ST";"Vestum"
"VPAB-B.ST";"Veteranpoolen"
"WPTG-B.ST";"White Pearl Technology"
"VPLAY-A.ST";"Viaplay A"
"VPLAY-B.ST";"Viaplay B"
"VSD-B.ST";"Vibrosense Dynamics"
"VICO.ST";"Vicore Pharma"
"VIDH.ST";"Vidhance"
"WIHL.ST";"Wihlborgs Fastigheter"
"VSSAB-B.ST";"Viking Supply"
"VIMAB.ST";"Vimab Group"
"VIMIAN.ST";"Vimian Group"
"WEG.ST";"Windon"
"WISE.ST";"Wise Group"
"VIT-B.ST";"Vitec Software"
"VITR.ST";"Vitrolife"
"VIVA.ST";"Viva Wine"
"VIVE.ST";"Vivesto"
"VNV.ST";"VNV Global"
"VO2.ST";"Vo2 Cap"
"VOLO.ST";"Volati"
"VOLV-A.ST";"Volvo A"
"VOLV-B.ST";"Volvo B"
"VOLCAR-B.ST";"Volvo Car"
"WTG.ST";"Wonderful Times"
"VUXEN.ST";"Vuxen Group"
"WYLD.ST";"Wyld Networks"
"WBGR-B.ST";"Wästbygg"
"VH.ST";"Västra Hamnen"
"XANO-B.ST";"XANO Industri"
"XBRANE.ST";"Xbrane Biopharma"
"XINT.ST";"Xintela"
"XMR.ST";"XMReality"
"XOM-B.ST";"Xoma"
"XPC.ST";"XP Chemistries"
"XSPRAY.ST";"Xspray Pharma"
"XVIVO.ST";"Xvivo Perfusion"
"YUBICO.ST";"Yubico"
"ZAPLOX.ST";"Zaplox"
"ZENZIP-B.ST";"Zenergy"
"ZENI.ST";"Zenicor Medical"
"ZZ-B.ST";"Zinzino"
"ZOOM.ST";"Zoomability"
"ORES.ST";"Öresund"
"DOFG.OL";"DOF Group"
"^OMX";"OMX Stockholm 30 Index"
"^OMXSPI";"OMX Stockholm All Share Index"
"^NORDIC";"OMX Nordic 40 Index"
"^NORDICPI";"OMX Nordic All Share Index"
"^STOXX50E";"STOXX Europe 50 Index"
"^STOXXE";"STOXX Europe 600 Index"
"^STOXXPI";"STOXX Europe 600 Price Index"